Gene,CLL_1,CLL_2,CLL_3,CLL_4,CLL_5,CLL_6,CLL_7,CLL_8,CLL_9,CLL_10,CLL_11,CLL_12,CLL_13,CLL_14,CLL_15
FOXO1,60.343387825,91.6519173813,60.4915523175,74.7510300823,64.5897097185,52.6798943209,60.5289388366,58.1052283285,65.2875563946,85.121379121,60.5417509202,73.1678177445,67.020112,48.2034005361,42.7065599524
FOXP1,202.1503492139,320.7817108347,406.6376572452,532.4857328087,284.8571813225,283.0253145867,424.6633486634,406.7365982997,559.7124216754,519.533934635,481.2556132474,446.9599301349,390.1680405605,293.6836810438,493.565814307
IKAROS,33.1888633038,51.2172479484,30.2457761587,77.519586752,46.3720992851,42.3505032776,61.4897156436,76.137885396,56.4847398021,63.1072293483,45.1497803473,69.9866082774,86.229698242,34.8135670538,40.8762788116
PAX5,129.7382838238,138.8256983864,131.0650300212,171.6505135224,134.1478586461,158.0396829627,118.1755472525,172.3120564225,159.9178347644,206.9330078631,148.7890488718,138.3826118211,122.5144722548,82.5706398072,84.8030261912
RAG1,675.8459436404,746.6935621951,594.8335977884,1219.0877868982,866.1645687888,981.2921491146,938.6789403713,777.4078824644,1205.2523051281,1339.9279161632,1023.052977415,1170.685083912,1049.6971682038,2249.0456972338,1367.2200121903
E2A,208.1846879964,113.2170744122,77.2947612945,62.7539511802,149.0531762734,145.6444137107,150.8419586881,102.1850567157,111.5023435055,120.3440187573,75.9337214932,95.4362840146,109.7080814268,46.4180894051,53.6882467973
